{
  "source": [
    -20,
    0
  ],
  "targets": [
 [-9.192533317427735, -7.713451316238474],
 [-2.0837781320031636, -11.817693036146496],
 [5.999999999999998, -10.392304845413264],
 [11.2763114494309, -4.1042417199080266],
 [11.2763114494309, 4.1042417199080266],
 [6.0000000000000036, 10.392304845413262],
 [-2.0837781320031556, 11.817693036146498],
 [-9.192533317427735, 7.713451316238474],
 [-12.0, 1.4695761589768238e-15],
 [-15.0, 1.83697019872103e-15],
 [-11.490666646784668, -9.641814145298092],
 [-2.6047226650039548, -14.772116295183121],
 [7.499999999999998, -12.99038105676658],
 [14.095389311788624, -5.130302149885033],
 [14.095389311788624, 5.130302149885033],
 [7.500000000000005, 12.990381056766577],
 [-2.6047226650039446, 14.772116295183121],
 [-11.490666646784668, 9.641814145298092]],
  "asteroids_zones": [],
  "black_holes": [],
  "radars": [
    {
      "center": [
        0,
        0
      ],
      "radius": 18
    }
  ],
  "allowed-detection": 10
}